epoch,lr-AdamW,step,train/loss_step
,0.0005,0,
0,,49,0.6172107458114624
0,,99,0.7071727514266968
0,,149,0.6526426076889038
